{
  "info": "(BIG) OTSU Quarter Thresholds 2017-2025",
  "bins": 1024,
  "fromYear": 2017,
  "toYear": 2025,
  "FP": {
    "Q1": 1.1124788941209507,
    "Q2": 1.1976598622694634,
    "Q3": 1.1851465783212178,
    "Q4": 1.1766649067557013
  },
  "FN": {
    "Q1": 1.056155270672028,
    "Q2": 1.025068199175833,
    "Q3": 1.0299132871953216,
    "Q4": 1.0343563071313093
  },
  "KAPPA": {
    "Q1": 0.9421526035912343,
    "Q2": 0.940801691330398,
    "Q3": 0.9409922470651786,
    "Q4": 0.941089668167407
  },
  "sFP": {
    "Q1": 1.4769889550320552,
    "Q2": 1.5084800754506018,
    "Q3": 1.4887024866982723,
    "Q4": 1.4826429675714123
  },
  "sFN": {
    "Q1": 0.8886123378384363,
    "Q2": 0.8918416362171482,
    "Q3": 0.9019343960361901,
    "Q4": 0.9051662297912775
  },
  "sKAPPA": {
    "Q1": 0.9373442717542582,
    "Q2": 0.9364485035191252,
    "Q3": 0.936679822677127,
    "Q4": 0.9367469169187422
  }
}