{
  "info": "(SMALL) OTSU Quarter Thresholds 2017-2025",
  "bins": 1024,
  "fromYear": 2017,
  "toYear": 2025,
  "FP": {
    "Q1": 2.3205949674290345,
    "Q2": 2.4703110018090735,
    "Q3": 2.4403690160750906,
    "Q4": 2.380480373236581
  },
  "FN": {
    "Q1": 4.060326343262777,
    "Q2": 3.970491884203647,
    "Q3": 4.03038100515535,
    "Q4": 4.03038100515535
  },
  "KAPPA": {
    "Q1": 0.8338188422271576,
    "Q2": 0.8327452610046442,
    "Q3": 0.8317848512295832,
    "Q4": 0.8332208082051522
  },
  "sFP": {
    "Q1": 4.012362138379384,
    "Q2": 4.042303763203018,
    "Q3": 4.042303763203018,
    "Q4": 4.042303763203018
  },
  "sFN": {
    "Q1": 3.203936843256703,
    "Q2": 3.2039386403669963,
    "Q3": 3.2039386403669963,
    "Q4": 3.2937675908924033
  },
  "sKAPPA": {
    "Q1": 0.8176968816996587,
    "Q2": 0.8170048885336331,
    "Q3": 0.8170048885336331,
    "Q4": 0.8145404362745611
  }
}